{"Enters":9,"Weights":[[[-0.25169742805965367,1.5995110096594065,1.3154719345257144,-1.029823151991079,-0.06962470413377013,-0.5316053806308194,0.11762586652368583,0.03153134303497079,-1.2670789661899282],[-1.4400678630664252,-0.8783487316664557,0.9622600079284799,-0.392808228752904,0.27495849062999933,-0.18521962525699906,0.2727597757531293,-1.3427056863097087,-1.4556878695633675],[1.466051524098091,-1.5453707380114097,-1.183382044240458,0.49771876948126464,0.3275666903744049,1.5009588106632235,-1.0035273084273864,-1.3883117160843559,1.613028243360882],[-1.0839726382381427,2.1351630900235596,1.0612196957101157,-0.3362451667268804,-0.6594982479582595,-1.0672292233366305,0.8822882433078834,2.354976301741581,-1.33823071531779],[0.16017905327811732,-1.5606819788281572,1.0587295024462242,-0.3611552066956013,0.057012235396679406,0.1179991413087432,0.76299147374177,-1.1219080378236992,-0.18313373894435303],[0.19975807286746175,0.7009469127879261,-0.7317104492130544,0.3943882996946333,-0.7550830085263167,0.5782647151391747,-0.7016479178633623,1.9825893704187374,-0.6665041210357158],[1.8903558890149452,-1.0147870669873673,-0.5547797665598801,-0.26264563870120256,-1.1411306869654574,-1.0017573748652964,0.8663342564634124,0.3203288550965737,1.5386322371477446],[-1.069312176667461,-2.229681622394652,-0.5322119307882528,1.094727339963408,0.2771243064642901,1.2586021359930373,0.4554984234415768,-2.413856904594681,-1.5434911358473196],[1.6174031965413067,1.5111229376118622,-0.4829954877822614,-0.3489226637964585,-0.48768935124653184,-0.6030411351772922,0.1200755061471764,0.7047621548038505,1.275076604375672]],[[-0.1576578568642934,-1.755116235256169,0.35343958468602316,1.5411163758626538,-1.3197880081248121,1.0569914155295892,0.03758069443107377,-2.187152946024834,0.8651125188985868],[0.9417128066587542,-0.6330727344409885,-1.115032736420481,1.5518551781459866,-1.2833838138031874,0.6340209772391535,-0.03987466952073259,-1.4101741984512717,0.3552641469312221],[-0.1815121200270923,-1.2071843439414247,0.12332003583887162,0.25400087097805063,-0.13655865258364544,0.4822031957241909,1.5487423488565162,-2.588112349934078,1.6173525578032029],[-0.9797120490013201,0.05018851575524899,1.7946903986219689,-1.9496959885107175,-0.9823026155122753,-0.5655043518620491,-2.037502824210476,2.9678722117434324,-1.0707035949857404],[-0.9157553235578234,0.03279726228580106,2.2258190505205384,-2.4947202503894244,0.6456587921885636,-1.9324448630256283,1.798371102763411,-0.1716155688846384,0.3110346187385363],[-0.25717638353813843,-0.08084448255195491,-0.10990846630223491,0.7129961836254354,0.9742279439863594,-1.5801267189966608,0.30567068821829885,1.0145886165249,0.2949233478669094],[-0.1918713830888714,2.0133218690245833,-0.48358029831808824,-0.5917697121446155,1.4903046771217432,-0.7952641827857574,-0.5101370048373193,2.019632416579047,-2.1221345994089535],[-1.347169792101976,-1.1326423706468007,1.2825502370798811,0.3927886760896946,-0.8170976043093349,1.6845339026775663,-1.0146996343311665,0.8593513447772273,0.05458458988852928],[1.763641744368659,1.1835327424973612,-2.6810220410900465,2.5500587224980342,-0.569413241031224,-0.4887015953560334,-1.5958224685733924,-0.25934989261947644,-0.1119129922834521]],[[2.150210221160493,1.8982102026224419,0.665351536710271,-2.616854155439948,-3.8559511817659478,-1.7740679261643904,-3.7704508370481187,-0.01951030878830533,0.9760731492546381],[-3.003162348442214,-2.8178590523566935,-3.228683820495206,3.3816566293461676,1.4544592712800644,-0.8990993587648434,1.2653589766457818,0.20788749360282804,-3.20138970793962],[-0.5212693754794735,-1.0773695702973864,2.175406819100706,-3.2925353292974076,3.6249800097930467,0.031669842986664684,-1.847487188521126,-2.010135142488326,-2.947376330926149],[-2.432884968557735,-0.5535524757821544,-2.0075387665932727,-2.363978348127691,-1.7445008603211953,0.5761214349010573,2.263765747768397,-3.2647582496240384,3.2069473941891258]]]}