{"Enters":9,"Weights":[[[-0.927596726946309,1.4393360545397382,0.9381532340301465,-0.48899007285006824,0.09388967451171853,0.009227698510204748,-0.2596928339718453,-0.1286436120847563,-1.9429782650765342],[-0.4629841344718229,-0.2922907803231051,1.379356486661591,-1.1803506699481903,-0.09548747183186497,-0.9727620664520761,0.6898562544863495,-0.7566477349663738,-0.4786041409687656],[1.8820306247364733,-1.499515793971654,-0.9530480361775687,0.13507606376270542,0.19525799271863103,1.1383161049444541,-0.7731933003646442,-1.3424567720444875,2.0290073439993854],[-1.4029442171675202,2.078649469067928,0.7476720696206621,-0.09305149572638062,-0.7298522030472431,-0.824035552336055,0.5687406172184096,2.2984626807859607,-1.657202294247171],[0.6890335047279479,-0.9502983101387534,1.4372200483988697,-1.2107561418574617,-0.41409815381256176,-0.7316017938530678,1.1414820196944337,-0.5115243691342893,0.3457207125054756],[-0.2080621736750255,-0.23059939327925516,-1.1342543638758857,1.4202096797718589,-0.13180554311171314,1.6040860952164087,-1.104191832526235,1.0510430643515158,-1.0743243675783596],[1.934495747319431,-0.5806331292969938,-0.7166091155206887,-0.23751034338789523,-1.277824740613303,-0.9766220795520794,0.7045049075025321,0.7544827927869653,1.5827720954522253],[0.37845361980770953,-2.1478171088678404,0.24193481237214395,0.4721623506467845,0.4287060603082221,0.6360371466765644,1.2296451666017552,-2.331992391067884,-0.09572533937216461],[1.6467252365426606,1.6223109131147047,-0.7086816048067204,0.14469794509063175,-0.21975485938391742,-0.10942052629016086,-0.1056106108772714,0.8159501303066715,1.3043986443769828]],[[0.007424830063649408,-1.7347960800558515,1.224265721113575,1.413387311849316,-1.6084013809971638,1.8545133736532708,-0.6758778065609456,-1.4073186608840098,0.4003714297536234],[0.9278569540354398,-0.6694296937323113,-0.9879750060583232,1.7483085328233894,-1.2636750731165254,0.4777018957704398,-0.1880542917481981,-1.7687840319068109,0.30141254312281224],[-0.2794569588881451,-0.3381215482656314,0.4944519909081985,0.8923865507986392,0.19589437618984534,0.6832101538723401,1.4346048926617034,-1.9518529147740968,1.945381963122959],[-0.7788703899157459,-0.4056995408261983,2.246210389032071,-2.324182072955868,-1.1004776752744,-0.2687265608177914,-0.9203977550330684,2.6856021964883197,-0.10612154920504455],[-1.3733158350297245,0.30635113231827676,1.3721419362874705,-1.8445806588815288,0.5410132004351026,-2.422517853222058,2.262568495866783,-0.9751691368332674,0.9231097036122711],[-0.10016328337057158,0.2811627496906005,-0.6756988545103878,2.026868047693499,1.4053028367633096,-1.8562927423811684,1.0296958981312694,0.20018457339384033,1.4631498348773577],[-0.3171691891439553,1.6174652116097705,-0.132682741383057,-1.095980174596988,1.7543478782436166,-0.9129340038681342,0.5979252354586401,1.719649721562484,-1.410540682172043],[-1.091797447941429,-1.6234643508236577,1.576322665223177,0.49182088745666364,-1.2106513749963501,1.9584365629241922,-0.7132682357785669,0.20365465121938628,0.4786735077129674],[1.9247286658420037,1.2730985852784709,-2.8311949785051485,2.3911421536636226,-0.13937735235634582,-1.0706052588813542,-1.920729786243306,-0.3893964507178974,-0.8399291497286675]],[[2.3853508215325383,3.064754374862179,2.0910647689478004,-4.633403006912392,-2.0309958902600838,-0.5585021896349092,-4.957527783208269,-0.18477987713710575,0.8570733777568509],[0.7303168206721106,-1.4864695644335786,-2.4486448669902505,3.565026262715013,-3.573768757772602,-4.4127157419337495,-1.8298338042297417,2.1552732060797006,-2.726554322462796],[-2.7409646755686246,-2.263971614697256,0.12870545540975226,0.8545301750953067,5.773947303352221,0.67341069991754,0.36483824979760504,-1.4015533455038465,-5.660849676502704],[-3.648019368610442,-1.4157958595031936,-3.1556863051328663,-3.2210875896050752,-2.3677843740099775,-0.004795831471698444,2.0070850976018195,-4.455359636664635,3.977555992999934]]]}