{"Enters":9,"Weights":[[[-0.7079213858115474,1.4044689192775326,1.3007047004437362,-1.056596177576328,-0.11116496380099136,-0.5583784062160476,0.10285863244171131,-0.16351074734695312,-1.7233029239418092],[-1.25976939761534,-1.0785871733644623,0.9166766407622408,-0.3066899163599613,0.31549343585669287,-0.09910131286406469,0.2271764085869153,-1.542944128007736,-1.2753894041122817],[0.27217518419072956,-1.4830946525557844,-1.4210889885412008,0.6612878076797714,0.2534287842721698,1.6645278488616986,-1.241234252728134,-1.3260356306287644,0.41915190345352443],[-1.302325824147782,2.3275472018314733,1.1268754580420128,-0.46899348128650853,-0.7265908001858156,-1.1999775378961859,0.94794400563979,2.547360413549382,-1.5565839012274514],[0.8893751435112615,-1.6849931811349257,0.8179384108996173,-0.17918155989620324,-0.0018052093504340337,0.299972788108177,0.5222003821951535,-1.2462192401303447,0.5460623512887829],[-0.2621619422922335,0.2989679586675567,-0.48308000410898216,0.5349001337313983,-0.3659407293855473,0.7187765491759431,-0.4530174727592899,1.5806104162983214,-1.1284241361954068],[2.1727775228888997,-1.1599707324613782,-0.9520122866326363,0.045556081401511274,-1.2301614869355526,-0.6935556547625731,0.4691017363906412,0.17514518962262762,1.8210538710216997],[-0.8340410701342554,-2.2260687242694526,-0.26355026825534206,0.8479552924893025,0.29901392152309825,1.0118300885189868,0.7241600859744837,-2.410244006469496,-1.3082200293141244],[1.570841517779953,1.7917509128881386,-0.5114313337404274,-0.35611327761404826,-0.5233158110222706,-0.6102317489948527,0.0916396601890141,0.9853901300800291,1.2285149256143189]],[[-0.15703583260127352,-1.6399104552354493,0.2925979487548069,1.9364668505284042,-1.652554509251271,0.9221085810834271,-0.5398926350760999,-2.2244947643493864,0.42361182549674276],[1.0109555347231058,-0.49709939126469105,-0.856227123780938,1.807658574638433,-1.2722483448691944,0.4100715011743771,-0.1759912200582502,-1.240295651722249,0.283449054399853],[-0.6146168485580177,-1.3230583280419272,-0.0347156372791194,0.053627446914723334,-0.1334917458883399,0.5505215757211177,1.719413572326837,-2.2279596566679456,1.9196585240031665],[-0.26155717517743954,0.6562462545128329,1.9573574430747855,-1.4795078268276483,-0.7168462529319591,-0.39246376196440674,-2.072134977612619,2.8590635327547376,-1.546016754874876],[-1.3001994985181864,0.14586080853428907,2.0088998342545246,-3.0646114853804742,0.9446463417341008,-1.698265169297692,2.0366029319946057,0.25062018639765005,0.1686965437996541],[-0.8668288212290362,-1.3829356423049926,-0.604993134796723,0.6096294113717434,0.3591249103477489,-1.5102754902558257,1.1323025266712263,-0.1800550082525115,1.6354330289137584],[-0.13271852490642477,1.86839432935976,0.13716040027351617,-1.1151610120991884,1.9404194986088559,-0.8167985450845859,0.45906021438615024,1.8823118818184688,-1.463305340069713],[-1.2441036953583005,-1.0063023524564174,1.5054945437178284,0.41561327190949965,-0.7923205827418751,1.3963164399334838,-0.7005994170360296,0.5876628261785879,-0.1658301043879195],[1.8273955584470962,0.8440669769058287,-2.256483621831753,2.8887866915997753,-0.9040461015351936,-0.74196978943654,-1.6028234813643403,-0.4602443426389083,0.30928303032015353]],[[2.5160311516915623,1.8481991222335177,0.35498331443533554,-3.35140231339583,-3.5266331506595607,-0.5155997328910246,-4.348583360080431,-0.5969382058586564,1.38112899783242],[-3.3067867424288857,-2.9807301955644125,-2.9870870528364812,3.2719623966364457,1.5456762979887866,-2.36673783645617,1.1315051933441702,-0.11776017637816212,-4.0478660617666495],[-2.012149772664479,-1.5203081887555572,1.5887506898609947,-4.190591128800671,2.65510031942408,1.9388137414454683,-0.17764399339857154,-2.342813565768734,-1.8077000081117178],[-2.2075864581801077,-0.18720008845366104,-2.939825058405279,-1.0763319244205831,-3.1723026782551615,-0.8818846536675299,2.366227070674029,-2.630033372186297,3.673539550281039]]]}